{
    "y0": [
        0.08403642, 0.09276227
    ],
    "params": {
        "k": 0.2,
        "B0": 0.1,
        "B": 0.1716
    },
    "inc_iter": 100
}