{
    "y0": [
        0.22876225,
        0.86107555
    ],
    "params": {
        "k": 0.2,
        "B": 0.2,
        "B0": 0.4595
    },
    "inc_iter": 10
}